mcu,1
osce,1
2016,1
gxpn,1
partner,1
vulnerability,1
reverse,1.301029996
software,1.477121255
planners,1
mcda,1
leadership,1
service,1.602059991
act,1
2020,1
core,1.602059991
gcfe,1
expert,2.176091259
aawoad,1
lpt,1
exploit,1
emapt,1
investigator,1
oswe,1
coordinator,1.301029996
penetration,2
gleg,1
certification,2.176091259
system,1.954242509
networks,1
pmi,1.301029996
dfe,1
se,2.230448921
windows,1.301029996
ensa,1
ccfp,1
cne,1
incident,1.477121255
exploitation,1
ihe,1
programmer,2.278753601
android,1
ewp,1
acp,1
cc3,1.301029996
protection,1
pmp,1
cna,1
mcpd,1
eitca,1.301029996
services,1.301029996
licenses,1
server,1
oja,1.301029996
linux,1.84509804
8,1.602059991
peh,1
cle,1
eccsp,1
specialist,2.079181246
october,1.602059991
ccie,1.84509804
jboss,1
control,1
solaris,1
ibm,2.531478917
privacy,1.602059991
technical,1.602059991
administration,1
technologist,1
1,1.301029996
api,1
manager,1.77815125
hacker,1.301029996
hacking,1
aags,1
tester,1.903089987
ccsp,1
engineer,2.113943352
ccde,1
jbcaa,1
rhcva,1
developer,2.342422681
june,1.301029996
5,1
6,2.146128036
intrusion,1
mcsa,1.301029996
office,1
technology,1.477121255
certifications,1
issa,1
implementer,1
acs,1
gslc,1
ibs,1
aaaoad,1
gcpm,1
foundations,1
labview,1.301029996
mcsm,1
enterprise,1.602059991
ccdp,1
network,2.041392685
training,1
casp,1
mos,1.301029996
cyberops,1.477121255
edrp,1
fundamentals,1
component,1.301029996
ethical,1.301029996
2,1.602059991
citrix,1
hcispp,1
crisc,1
hat,1.602059991
database,1.602059991
ocp,1.301029996
systems,1.954242509
certified,3.227886705
belt,1
solution,1.903089987
aacme,1
2014,1.301029996
macintosh,1.301029996
cissp,1
highjump,1.477121255
&,1
mcdst,1
2017,1.301029996
architect,1.698970004
mobile,1
ecvp,1
examiner,1.477121255
junior,1.602059991
sscp,1
2019,1
gppa,1
green,1
clp,1
ec,1.84509804
present,1.477121255
soc,1.301029996
data,1.698970004
csslp,1
voip,1
institute,1
may,1
support,1.301029996
analyst,1.602059991
b2bi,1
cipp,1
aasocs,1
networking,1
information,2.204119983
endp,1
ecre,1
gpen,1
ccda,1
va,1
acma,1.301029996
gcfa,1
gcwn,1
chfi,1
2011,1
airline,1
sun,1.477121255
practitioner,1.477121255
technicians,1
gsec,1
professional,2.579783597
rhca,1
aa,1.698970004
ccar,1
digital,1
advanced,1.77815125
ccna,2.079181246
acsp,1
entry,1
aae,1
persistence,1
cism,1
pte,1
microsoft,2.176091259
investigations,1
giac,2.361727836
media,1.301029996
aass,1
switching,1.477121255
cciso,1
grem,1
.net,1
virtualization,1
r,1
internetwork,1
gssp,1.301029996
cap,1
centers,1
net,1
aicp,1
web,1.77815125
auditor,1.477121255
ecsa,1
aasocd,1
ceh,1
mcsc,1
gcia,1
ocpjp,1
collaboration,1.477121255
rhce,1
ccnp,1.84509804
gse,1
aame,1
gol,1
javaserver,1
chief,1
aacae,1
cyber,1
researcher,1
security+,1.301029996
mcse,1.477121255
engineering,1
forensics,1.602059991
gawn,1
mta,1.477121255
trainer,1.301029996
ccent,1
desktop,1
gisp,1
lean,1
cortex,1.477121255
ee,1.77815125
council,1.77815125
xsan,1.301029996
2004,1
mcts,1
mcp,1
jncia,1
red,1.602059991
solutions,1.602059991
novell,1.301029996
gisf,1
advisor,1
aatcs,1
consultant,1
ecppt,1
cloud,1.301029996
comptia,1.301029996
upgrade,1.602059991
project,1
cisco,1.903089987
2015,1.301029996
gwapt,1
testing,1.301029996
elearnsecurity,1.77815125
offensive,1.698970004
american,1
center,1.301029996
six,1
defense,1
assessing,1
wireless,1.698970004
cct,1
ejpt,1
mct,1.301029996
perimeter,1
oracle,2.568201724
defender,1
aacre,1
disaster,1
ocm,1.301029996
unix,1
application,1.84509804
authorized,1
licensed,1
authorization,1
passenger,1
master,1.903089987
officer,1.301029996
lpic,1.477121255
law,1
gsna,1
handler,1.301029996
mcitp,1
actc,1.301029996
healthcare,1
c,2.041392685
handling,1
oswp,1
aaload,1
cisa,1
designer,1.602059991
ocs,1.301029996
deployment,1
provider,1.477121255
industrial,1
3,1
7,1.477121255
issm,1
gcux,1
acsa,1.301029996
ecih,1
cipt,1
sigma,1
forensic,1.301029996
rm,1.301029996
malware,1
lifecycle,1
isrm,1
nfe,1
oca,1.301029996
assessor,1
secure,1.602059991
security,2.556302501
oscp,1
associate,2.255272505
graphics,1
essentials,1.301029996
arm,2
council’s,1
eces,1
technologies,1
ptc,1
mca,1
10,1.602059991
academy,1
osee,1
april,1.301029996
administrator,2.380211242
cipm,1
technician,1.602059991
routing,1.602059991
iwork,1
java,2.462397998
encryption,1
risk,1.301029996
gced,1
rhcsa,1
faces,1
gcih,1
accredited,1.84509804
apple,2.146128036
javabeans,1
isso,1
oce,1.301029996
december,1.301029996
recovery,1
