campbell,1
b.e,1.477121255
dillibazar,1
jose,1.301029996
tribhuwan,1.698970004
north,1
planning,1
lisha,1
a.a.t.,1
b.tech.,1
associate,2.301029996
2010,1.84509804
hostel,1
occupational,1
ia,1.301029996
software,1.602059991
carolina,1
cbse,1
postgraduate,1
communication,1.602059991
intermediate,1.602059991
m.i.t,1
leadership,1
valley,1.698970004
phd,1.301029996
texas,1.602059991
occidental,1
bis,1
al,1.301029996
aot,1
cal,1
september,1.477121255
stream,1
fairfield,1.301029996
sarasota,1
aas,1.84509804
el,1.602059991
governor's,1
b.a,1
psychology,1
polar,1
mschons,1
urban,1
board,1.301029996
duke,1
system,1.602059991
masters,1.698970004
aggregate,1
doctor,1.602059991
78.78%,1
white,1.301029996
liberal,1
internetworking,1
sd,1
m.,1.301029996
prabhat,1
b.s.e.,1
2002hiladelphia,1
music,1.301029996
newton,1
working,1
pleasant,1.301029996
whitehouse,1
tx,1.602059991
birgunj,1
irving,1
bothell,1
hseb,2
orlando,1
2005,1
d.,1.477121255
2008,1.301029996
dsc,1
st,1
technological,1.301029996
mt,1
qualifications,1.698970004
uc,1
george,1.301029996
b.a.,1.301029996
game,1
grade,1.301029996
2,1.477121255
83%,1
s.d.,1
budhanilkantha,1
buies,1
universidad,1
public,1.477121255
october,1
scoring,1.301029996
design,1.301029996
kyushu,1.301029996
diego,1
shikshadeep,1
houston,1.602059991
administration,1
certificate,1.698970004
1,1.477121255
corporate,1
bs,2.041392685
es,1
park,1
telecommunications,1
90.13%,1
libali,1
engineer,1.698970004
manbhawan,1
b.s.c.s.,1
california,1
massachusetts,1.477121255
electronic,1
bee,1
remington,1
aat,1
w,1
june,1.477121255
dartmouth,1.301029996
applied,2.041392685
2068,1
virginia,1
arniko,1
ga,1.301029996
mscs,1
advanced,1
maitighar,1.477121255
83.90%,1
b.e.,1.954242509
pharmacy,1.477121255
1983novell,1
technology,2.579783597
[2011],1.477121255
hattiban,1
gujarat,1
campus,2.431363764
pulchowk,2.447158031
raleigh,1
mexico,1
washington,1.77815125
ramnagar,1
bluegrass,1
quality,1
78.20%,1
h.s.e.b,1
s.b.,1
specialization,1
angels',1
government,1.477121255
e.c.s.,1
hnd,1
college,2.633468456
network,1.477121255
89%,1
programme,1
ny,1.602059991
diploma,2
arkansas,1.301029996
bernhardt,1
beng,1
biotechnology,1
mukwonago,1.301029996
m.s.,1.698970004
minor,1
2017,1.477121255
flushing,1
rock,1.477121255
christian,1
purdue,1.301029996
decatur,1
maine,1
79.50%,1
pa,1.477121255
info,1.301029996
kenosha,1.301029996
90%,1
clear,1
physics,1.477121255
kumaripati,1
recording,1
central,2.041392685
entrepreneurial,1.301029996
state,2.176091259
systems,2.255272505
1997,1.477121255
certified,1
hss,1.477121255
culture,1.301029996
bhaktapur,1.698970004
2014,1.602059991
mswe,1
s.,1.698970004
ad,1.84509804
khwopa,1.477121255
nasa,1
hons,1.77815125
education,2.079181246
wi,1.301029996
nepal,2.041392685
everest,1.301029996
queen,1
fremont,1
gmeiner,1
running,1
2019,1
york,1.301029996
b.,1.301029996
b.sc.,1.301029996
82.40%,1
national,1
h,1
84.25%,1
present,1.954242509
paso,1.301029996
&,2
bachelors,2
sciences,1.602059991
august,1.477121255
mathematics,1.84509804
data,1
ph.,1.477121255
la,1
institute,2.113943352
hermann,1
leavey,1
may,1.477121255
85.85%,1
2,2.230448921
scd,1
2074,1
nc,1.301029996
networking,1.301029996
accounting,1.301029996
information,2.397940009
infotech,1
lalitpur,2.041392685
assurance,1
10+2,1
devry,1.301029996
jawaharlal,1.301029996
level,1.477121255
bristol,1
maharashtra,1.301029996
ph.d.,1
santa,1.477121255
1998,1.301029996
philosophy,1
springfield,1
mi,1
tech.,1
a.o.t.,1
msc.,1
kathmandu,2
bolivariana,1
lake,1
communications,1.602059991
2012,1.903089987
fuqua,1
graded,1
ba,1.301029996
astronomy,1
88%,1
83.20%,1
aa,1.301029996
glacier,1
bse,1
informatic,1
lexington,1.301029996
creek,1
river,1
garden,1
lri,1
baton,1
mary,1
polytechnic,1.301029996
namuna,1
creative,1
higher,2.204119983
strategies,1
muvattupuzha,1
star,1
ms,1.477121255
a.a.s.,1
mary's,1
2013,2.322219295
tribhuvan,1.301029996
84.13%,1
mason,1
high,1.903089987
technical,1.301029996
btech,1
digital,1.301029996
sindhupalchok,1
marks,1.301029996
pennsylvania,1
mandir,1.301029996
entrepreneurship,1
institue,1.301029996
post,1.301029996
iowa,1
lowell,1.301029996
gairigaun,1
realm,1
85.80%,1
web,1
poznan,1
rouge,1
development,1
bal,1
ujjwal,1
spatial,1.301029996
clinton,1
computer,3.071882007
msc,1.698970004
kavre,1
rochester,1.602059991
m.e.,1
construction,1
children’s,1
berkeley,1.301029996
14,1
statistics,1
bct,1
year,1.77815125
cyber,1.301029996
fatima,1.301029996
sb,1
m.sw.e.,1
ucla,1
jagannath,1
engineering,2.913813852
queens,1
lower,1
mcs,1
dc,1
south,1
avm,1
business,1.954242509
little,1.602059991
2070,1.301029996
2003,1
azalea,1
b.s.,1.954242509
zahraa,1.301029996
jaljala,1
tech,1.301029996
2016,1.77815125
honours,1
kentucky,1
2067,1.301029996
m.sc.,1.477121255
80%,1
ucl,1
nawalparasi,1
illinois,1
ioe,2.255272505
innovation,1
s.l.c,1.698970004
western,1.301029996
university,2.913813852
schenectady,1
nehru,1.301029996
electronics,1.84509804
symbiosis,1
cosmos,1.301029996
85.70%,1
pune,1.602059991
niketan,1.301029996
applications,1.602059991
sci,1
2066,1.301029996
2015,1.477121255
present],1.477121255
london,1
bachelor,2.740362689
cen,1
electrical,1.698970004
dhobighat,1
architecture,1
april,1
center,1
girls,1.301029996
a.s.,1
prerana,1
84.50%,1
morang,1.602059991
88.25%,1
2011,2.278753601
management,2.255272505
november,1
2013],1.477121255
pontificia,1
81.48%,1
vidya,1
ar,1
arizona,1
community,1.301029996
drexel,1
bachelor’s,1
program,1
maharishi,1.698970004
76.20%,1
medium,1
literature,1
jyoti,1
sos,1
july,1
ca,1.477121255
cambridge,1
mumbai,1
hampshire,1.301029996
application,1
louisiana,1
l.v.,1
biochemistry,1
boarding,1.602059991
spencer,1
st.,1.903089987
international,1.903089987
science,3.136720567
87.33%,1
com,1
paribodh,1
m.s.c.s.,1
arts,1.602059991
caspian,1.301029996
viddhya,1
master,2.568201724
risk,1
himalayan,1
phil,1
holy,1
chaitanya,1.301029996
city,1
kerala,1
motherland,1
computing,1.602059991
learning,1.301029996
northridge,1
mba,1
gold,1
b.s,1
chabahil,1
bsc.,1
percentage,1.77815125
united,1
ohlone,1
cs,1
tri,1
berkner,1
biratnagar,1.602059991
school,2.763427994
carthage,1.301029996
[2013,1.477121255
d.sc.,1
completed,1.602059991
tu,1.698970004
bharathi,1.301029996
1995,1
florida,1.301029996
miniland,1
salamanca,1.301029996
sc.d.,1
nirmala,1
distinction,1.301029996
paradise,1
model,1
79%,1.301029996
a.s,1
distance,1
m.c.s.,1
fort,1.301029996
global,1
76.60%,1
mount,1.477121255
library,1
research,1
camino,1.301029996
secondary,2.431363764
cognitive,1
bschons,1
b.e.e.,1
pbachelor,1
private,1
2007,1
kent,1
88.00%,1
kaplan,1
degree,1.698970004
clara,1.477121255
[2011,1.477121255
december,1
security,1.602059991
educational,1
bsc,2.041392685
southern,1
bhumahi,1
v.,1
91%,1
leaving,1.602059991
class,1
address,1.301029996
bachelor's,1.77815125
project,1.301029996
technologies,1
trinity,1
bscs,1
name,2.079181246
academy,1.301029996
san,1.477121255
valparaiso,1.301029996
house,1
ce,1
fl,1.301029996
shishu,1
byasi,1
slc,2.230448921
master's,1.301029996
economics,1
dekocha,1
new,1.698970004
english,1.903089987
xavier’s,1.84509804
81.38%,1
garland,1
associates,1.477121255
oregon,1
ky,1.301029996
89.25%,1
lawrence,1
financial,1.301029996
