python,1.84509804
hrg,1
principles,1
labs,1
definition,1
hvac,1.301029996
weekly,1
porous,1
affairs,1
error,1.698970004
transition,1.301029996
movements,1
maintained,2.176091259
preparation,1
nj,1
e&t,1.602059991
employment.,1
toolkit,1.301029996
keeping,1
electronic,1
conditions.,1
time.,1
marketing,2.079181246
script,1.77815125
telco,1
ui,2.176091259
quindos,1.301029996
synchronizing,1
soapui,1
frameworks.,1
displayed,1
complex,1.698970004
processing,1.903089987
owners,1
lectured,1
low,1
relationships,1.477121255
indicators,1
db,1.477121255
conversion,1.301029996
i.t.,1
domestic,1
lucent,1
indication,1
recent,1
porosity.,1
robotics,1
ccitt,1
concentrix,1
contract,1.477121255
assisting,1.602059991
find,1.301029996
generation.,1
transformation,1
investigation,1
products,2.230448921
scale,1.477121255
hive.,1
sent.,1
inquiries,1.602059991
ipad.,1
powershell,1.301029996
services,2.662757832
methodology,1
assessment,1.477121255
team.,1.698970004
navigational,1
protocols.,1.301029996
$3.1m,1
software,3.477121255
delhi,1.301029996
punjab,1
restaurants,1.477121255
authenticator,1.477121255
universidad,1
feed,1
outlook,1
phone,2.079181246
rosters,1
portfolios,1
houston,1.477121255
findbugs,1
update,1.698970004
september,2.113943352
resident,1
achieving,1.477121255
test,2.544068044
austin,1.301029996
onshore,1.301029996
remotely,1.477121255
manufacturing,1.301029996
mappings,1.301029996
form,1.698970004
selenium,1
rigorous,1
pm,1.301029996
jquery,2.146128036
atlanta,1.477121255
transfer,1.477121255
apm,1
geometric,1.301029996
performing,1.602059991
development,3.117271296
decoder,1
models.,1
times,1.477121255
center.,1
technology,2.342422681
onsite,1
paradigms,1
exec,1
utilize,1.602059991
sample,1
ibs,1
establish,1.477121255
foundations,1
well,2
x,1.301029996
v.35,1
modules,1.77815125
bushive,1
robert,1
triggers,1
return,1
tncg,1
198,1
storm,1
allowing,1.301029996
three,1.477121255
component,1
infrastructure,2
gathered,1.301029996
caldwell,1
zero,1
spring,1.954242509
replaced,1.301029996
intensive,1
2,2.041392685
covering,1.477121255
tdo,1.602059991
63+,1
communicates,1
state,1.301029996
equipped,1
good,1.602059991
audit,1
payload,1
bash,1
html5,2.041392685
javascript,2.397940009
import,1
priority,1
depth,1
required,1.954242509
rmis,1.301029996
generating,1.301029996
multiroom,1
roles,1.301029996
aggregation,1
defined,1.477121255
entire,1.698970004
r&d,1
national,1.477121255
jdbc,1
firewalls,1
played,1.301029996
sq,1
quiktrip,1
area,1.602059991
dysfunctional,1
troubleshoot,1
data,2.770852012
corpora.,1
issues.,1.903089987
end',1
requests,1.301029996
as9100,1
discrepancies,1
restaurant,1.301029996
massively,1
analyst,2.505149978
1986,1
apply_path,1
themed,1.301029996
nc,1.84509804
dns,1
supported,1.77815125
specializing,1
entity,1.77815125
mvc5,1
markup,1
initiated,1.477121255
ipod,1
advertising,1
pro,1
groups,1.602059991
xionics,1
make,1.477121255
proofing,1
eg,1
profile,1
inspections,1.301029996
complaints,1
processed,1.477121255
expanded,1.301029996
compromised,1
dates,1
quotas,1.301029996
past,1
digital,1.84509804
mw,1
[python,1
compactpcisystems,1
transforming,1
procedures,1.903089987
algorithms,1.301029996
rmp,1
angular,1.698970004
technology.,1.477121255
creating,1.903089987
arsc,1
berth,1
hibernate,1.77815125
makes,1
maintenance,1.77815125
central,1.477121255
existing,2.113943352
decision,1
ethernet,1
fmla,1
edge,1.301029996
atr,1
•,1
local,1.698970004
post,1
notice,1
highlydynamic,1
simpli,1
tenant,1.602059991
achieve,1.698970004
kinesis,1
incorporated,1
subnets,1
signalr,1
asana.,1
us,1
expect,1
cycle.,1
center,2.079181246
francisco,1.602059991
linearhashing,1
netbios,1.301029996
features,1.903089987
converting,1
children's,1
bdd,1
vehicle,1
signon,1
arrays,1
domains,1.301029996
oracle,2.079181246
seats,1
elevated,1
way,1.301029996
2003,2
radio,1
resolved,1.77815125
terraform,1
practice,1.477121255
2004,2.041392685
consumers,1.477121255
"""world""",1
workers',1
payable,1.301029996
identify,1
solutions,2.414973348
compliance,1.477121255
mentor,1.477121255
america,1.602059991
public,1
fluid,1.301029996
rules,1
director,1.903089987
patches,1
asp,2.113943352
union,1.301029996
pune,1
hardware.,1
applications,2.72427587
interrupt,1
express,1
description,1.477121255
index,1
elasticsearch.,1.301029996
large,1.698970004
engaged,1
peripherals,1
realistic,1
accessed,1
frame.,1
reporting.,1
schedule,1.301029996
top,1.477121255
boy,1.301029996
section,1.301029996
alcohol,1
teams,2.146128036
tls,1
116%,1
explained,1
offline,1
rm,1
written,1.84509804
tcp,1
community,1.77815125
cgi,1
10,1
rolling,1
suite,1
double,1
disability,1.301029996
optimized,1
gamestop,1
drivers,1.477121255
internet,2.041392685
serverless,1
sdl,1
com,1.477121255
hosting,1.301029996
private,1.301029996
territory,1.698970004
derived,1.301029996
encoder.,1
got,1
city,1.477121255
prep],1
entities,1.477121255
adobe,1.477121255
backupexec,1
fiscal,1.301029996
template,1.477121255
dlls,1
precise,1
sharedwith,1
banking,1
tdd,1.301029996
bt,1
servers.,1
methodology.,1
dotnet,1
profiling,1
4,2.041392685
20+,1.301029996
40,1.301029996
predict,1
cause,1
monitor,1.477121255
fixing,1.301029996
ariba,1
model,1.602059991
developers.,1
uft,1
gathering,1.602059991
waukesha,1
truetype,1
library,1.602059991
offices,1
takes,1
order,1.602059991
reproducing,1
upgrading,1.301029996
pays,1
inc.,1.301029996
action,1
balloons,1.301029996
camden,1
tools.,1
dealing,1
pointcentral,1.301029996
"""physical""",1
as9102,1
codebase.,1
outs,1
ebenezer,1
beans,1.301029996
ant,1
maven,1
files,2.041392685
header,1
name,1.301029996
sql,2.653212514
house,1.602059991
technician,2.431363764
ipv6,1
consultation,1.77815125
modified,1.602059991
risk,1.77815125
500,1
storage,1
2.5,1
known,1
new,2.544068044
samza,1
involvement,1
liaised,1
layer,1.602059991
rich,1.477121255
success,1
demo,1
workspaces,1
process,2.431363764
histories,1
7,1.301029996
mmhr,1
search,2.146128036
box,1
ssrs,1.301029996
levi,1
status,1.477121255
configurations,1
spring.,1
accurately,1.301029996
2008,2.146128036
partial,1.301029996
use,2.079181246
assuranceapp,1.301029996
efforts,1.602059991
translation,1.301029996
junit,1.477121255
company,2.230448921
discussion,1.477121255
communication,2
clients,2.414973348
responsys,1
bugs.,1
europe,1
act,1
outgoing,1.301029996
ready,1.301029996
campaigns.,1
java1.8,1
area.,1
plugin,1
802.1x,1.698970004
assurance.,1.301029996
lawrenceville,1.301029996
coordinator,1.77815125
current,1.84509804
upcoming,1.301029996
config,1
negotiations,1.301029996
impact,1.477121255
scripting,1.301029996
magnagement,1
infor,1
chief,1.301029996
great,1
premise,1.301029996
whistle,1
mapped,1
600,1
guided,1
identification,1
turbine,1.698970004
prepaid,1
programmer,2.602059991
iii,1.602059991
diagnostic,1
repairs,1.477121255
protection,1
1995,1.602059991
last,1.301029996
timesheet,1
cd,1.301029996
configuration,1.77815125
2005,2
produce,1
children,1
varied,1
awarded,1
supplemented,1.301029996
motivated,1
myca,1
hashing,1
tag,1
could,1.602059991
usage,1.477121255
apl,1
pdfs,1
css,2.113943352
scoring,1
openedge,1.602059991
open,1.77815125
includes,1.301029996
elite,1
dynamics,1.301029996
devices.,1
corporate,1.77815125
flight,1
normal,1
disciplined,1
resolving,1.77815125
contractors,1.301029996
record,1.301029996
tester,1
apply,1
common,1.301029996
tools,2.301029996
posted,1
shopping,1
interface,2.322219295
chosen,1
teamforge.,1
across,2
apps],1
printing,1
controllers,1.602059991
electric,1.477121255
system.,1
click,1
ga,2.041392685
amazon,1.301029996
formulae,1
thought,1
questions,1.698970004
tuned,1
maintenance.,1.301029996
largest,1.301029996
available,1.77815125
ports,1
jenkins,1.301029996
cpanel,1
org,1
webmaster,1
dimensioning,1
stability,1
professional,1.77815125
dynamodb,1
met,1.477121255
employee,1
plcs,1.477121255
developed,2.86923172
ascertain,1
machine.,1
asp.net,2.041392685
bundled,1
lenovo,1
companies,1.301029996
bid,1
hexagon,1
rock,1
array,1
tool,1.77815125
department,1.84509804
christopher,1
scope,1.477121255
management.,1.301029996
pontificia,1
conception,1
jboss,1.301029996
reinvigorated,1
lmi,1.301029996
extra,1
counties,1
postscript,1.602059991
june,2.342422681
rights,1
linguistic,1
cymer,1
reactjs,1
stories,1.301029996
dev,1
modicon,1
running,1.477121255
xcode,1.301029996
homeowners,1.301029996
failing,1
strategies,1
performed,2
abertis,1
extended,1.602059991
final,1.301029996
reviews,1
mechanism,1
games,1.301029996
food,1.301029996
respectively,1
book,1.477121255
deployhq,1
productivity,1.301029996
telemarketing,1.301029996
tolerance,1
instrumental,1.301029996
emails,1
third,1
compilations,1
deployment.,1
increased,1.301029996
plays,1
algorithm,1.77815125
repaired,1
node,1
frontier,1
activex,1.602059991
readable,1
scrums,1
crs,1
virtual,1.602059991
optimization,1.301029996
voting,1
regulations.,1
certify,1
market,1.301029996
norcross,1
necessary,1.301029996
1993,1.301029996
aesthetic,1
team,2.838849091
socially,1
player,1
kyocera,1.301029996
refunds,1.301029996
responsive,1.477121255
mfc.,1
months,1.698970004
closely,1.602059991
segment,1.301029996
newsletter,1
give,1
agent,1.698970004
object,1.698970004
entry,1
1983,1.301029996
9.1,1
solutions.,1.602059991
repair,1.698970004
fare,1.301029996
ms,2
promoted,1.301029996
threading,1.301029996
delphi.,1
interaction,1
executable,1
iam,1
above.,1
transform,1
reporting,1.954242509
emovis,1
extensively,1
automated,2
pullman,1.602059991
bmc,1
terms,1.301029996
submitted,1.301029996
messages,1.477121255
construction,1
emule,1
speed.,1
calyx,1.602059991
package,1.602059991
timer,1
client.,1
incoming,1.698970004
computing,1.477121255
promise,1
relations,1
catiledlayer,1
screening,1
freebsd,1.477121255
xerox,1
network.,1
mta,1.301029996
dc,1
key,2.176091259
developing,2.176091259
claim,1
layers,1
warner,1
owner,1.477121255
optical,1.301029996
less,1.477121255
iot,1.477121255
"moon""",1
sustain,1
specifically,1
6.2,1
shared,1.301029996
supply,1
social,1
review,1.301029996
operate,1
write,1.301029996
nuclear,1.301029996
ospf,1
ongoing,1
predefined,1
mongo,1.301029996
contractual,1
tier,1.698970004
uses,1.301029996
passthru,1.301029996
country,1.602059991
tokyo,1.477121255
cdma,1
simultaneously,1
scala.,1
oops,1
cen,1
1.6,1
able,1.477121255
100%,1
connected,1
stored,1.84509804
april,2.431363764
3.2,1
language,1.602059991
backup,1.602059991
documents,1.698970004
drag,1.477121255
aid,1.477121255
mine,1
templates,1
winsurfer,1
60,1
west,1
ezeeshore,1
set,2.041392685
specific,1.903089987
ar,1.301029996
pl,1.301029996
improvement,1.477121255
client,2.447158031
strategic,1.301029996
endodontic,1
sdlc,1.477121255
internals,1.301029996
wind,1.84509804
months’,1
cams,1.301029996
involved,1.954242509
coredata,1
rwd,1
7,1
primary,1
timesheets,1.301029996
setup,1.698970004
onto,1.301029996
controls,1.602059991
head,1
preston,1
3ware,1
erp,1.301029996
development.,1.602059991
actively,1.477121255
pediatric,1
optimizing,1
calculates,1
real,1.954242509
generation,1.77815125
suppress,1
ntp,1
establishing,1.301029996
leveraged,1.301029996
fea,1
delivery.strong,1
sub,1.301029996
associated,1.301029996
prototyped,1.301029996
animation,1
spirits,1
marcus,1
languages,1.602059991
services.,1
dynamic,1.698970004
availability,1
general,1.84509804
ascii85,1
vaccine,1.301029996
displays,1
peoplesoft,1.477121255
implementations,1.477121255
plesk,1
documentation,2.041392685
security,2.079181246
22,1
moines,1
uploaded,1
answered,1.477121255
programme,1
payment,1.477121255
thru,1
reorganization,1
manner,1
performance.,1.477121255
+,1.698970004
address,1
method,1
1+,1.698970004
repository.,1
flag,1
administrator,2.462397998
famo.us,1
visualization,1
mysql,2.079181246
jobs,1.602059991
links,1
machinery,1
excel.,1
satellite,1
transport,1
nextpage,1
oversee,1.301029996
30+,1
u.s.,1
purposes,1
warehouse,1.602059991
scrums.,1
trucking,1
account,2.301029996
hired,1.301029996
audits,1
interoperability,1.477121255
senior,2.748188027
9,1
dozens,1
represented,1.301029996
allow,1.477121255
analyzing,1.301029996
$375k,1
since,1
webforms,1
2010,1.84509804
codeigniter,1
attending,1
interop,1
ikon,1
ncac,1
metadata,1
vb6,1.301029996
plan,1.77815125
take,1.602059991
veritas,1
opportunities,1
hardware,2.176091259
asynchronous,1
beverages,1
win32,1
ghost,1
data.,1.301029996
illegal,1
worked,2.462397998
measure,1.477121255
doors,1
specifications,1.602059991
audience,1.301029996
resulting,1.301029996
details,1.477121255
mfc,1.477121255
duration,1.301029996
proper,1
member,1.698970004
interoperation,1
providers,1
[quality,1
dollar,1.301029996
sqlsvr,1.77815125
text,1
dtw,1.301029996
triangular,1
system,2.77815125
networks,1.301029996
subscriber,1
creations,1
representing,1.301029996
[reliability,1
engineers.,1
go,1
health,1.477121255
handheld,1
load,1.602059991
motivating,1
outside,1
root,1
music,1.301029996
expectations,1
deliver,1.602059991
art,1
million,1.602059991
ithaca,1
dedicated,1.477121255
diagnostics.,1
atheros,1.301029996
akka,1
signaling,1
mainly,1
workman's,1
federal,1
2002,1.903089987
nt.,1
adjunct,1
users,2.113943352
changes.,1
oncology,1
separate,1.301029996
claims,1.477121255
inbound,1.301029996
zale's,1
authentication.,1
distribution,1.301029996
question,1
heavily,1
practiced,1
several,1.602059991
json,2.041392685
c#,2.591064607
gather,1.477121255
disposition,1
vaccination,1
entering,1.301029996
french,1
docs,1
cybage,1
october,2.230448921
parts,1.301029996
card,1.77815125
metrics,1.477121255
diego,2
telecommunications,1.698970004
possible,1
proposed,1.301029996
deep,1
veenus,1
recommendations,1.301029996
patched,1
need,1
unicode,1
increase,1.301029996
utilized,2
turbines,1.301029996
uploader,1.301029996
providence,1
interpreter,1
debug,1.602059991
student,1.602059991
mediaplayerframework,1
uml,1
ltdc,1
brokers,1
determined,1.301029996
pharmaceutical,1
facebook,1.301029996
pvt,1.301029996
sdge,1
partnership,1
upgrade,1.698970004
bays,1
spanning,1.477121255
pages,1.477121255
soap,1.698970004
check,1.301029996
coder,1
lambdas.,1
karnataka,1
factors,1
milwaukee,1.301029996
washington,1.301029996
2006,1.84509804
auto,1.477121255
twelve,1
found,1.301029996
robustness,1
usable,1
labview,1
recorded,1
functioned,1
compatibility,1.477121255
formula,1
resources,1.301029996
noc,1
100+,1.301029996
positioning,1.301029996
far,1
upload,1.477121255
waste,1
coordinated,1.301029996
crystal,1.602059991
investigated,1
libraries.,1.301029996
synched,1
engineer],1
mockups,1
dfw,1
llc,1.477121255
distributors,1
components,1.698970004
prioritized,1
sports,1
bellevue,1.477121255
portsmouth,1.477121255
profoundui,1
departments,1
mongodb,1.301029996
capacity,1
databases.,1.301029996
case,1.477121255
protocol.,1
highjump,1
bi,1.301029996
sdk,1.477121255
existence,1
trained,1.477121255
evolution,1
procurement,1.698970004
tactics,1
one,1.954242509
silverlight,1
ge,1.301029996
extensive,1.602059991
present,2.447158031
jp,1.477121255
cedarwaters,1
matter,1
feedback,1
verticals,1
ejb,1
deal,1.301029996
sytem,1
structure,1
historical,1
raw,1
consulted,1.602059991
editable,1
deadlines,1.301029996
transactions,1
gna,1
cto,1
“rapidpro”,1
followed,1.602059991
assess,1
mobile,2.079181246
constructive,1
latin,1.301029996
rocket,1.301029996
neiman,1
dad,1
caused,1
agile,2.176091259
vaultize’s,1
la,1.477121255
aspnet,1.301029996
installs,1
.,1.602059991
month.,1
meters,1
dialup,1
negotiation,1.301029996
53,1
css3,1.698970004
svn.,1
wordserver,1
elasticsearch,1
pcs,1.698970004
cie,1
coded,1
upon,1.301029996
follow,1
preform,1
shake,1.301029996
higher,1.301029996
including,2.491361694
simple,1
lead,2.556302501
qnx,1.301029996
authors,1
vendor,1.602059991
application.,1.698970004
mainframe,1.301029996
reader,1.301029996
sequence,1.477121255
ado.net,1.301029996
carriers,1.301029996
best,1.602059991
firm,1
thrust,1
integrate,1.698970004
lab,1.602059991
refactoring,1
zones,1
language.,1
augment,1
factory,1.301029996
supplicant,1.477121255
year,1.903089987
gameplay,1
"screen""",1
notate,1
node.js,1.602059991
aws,1.77815125
serving,1
communicating,1
traffic,1.602059991
trainer,2.146128036
experience,2.908485019
command,1.301029996
app,1.77815125
distribute,1
non,1.301029996
console,1
utilizing,2
automate,1.301029996
mq.,1
temporary,1
astrophysics,1
concepts,1
points,1.301029996
collect,1.477121255
offers,1
releases,1
ii,1.301029996
rpgile,1.301029996
university,1.301029996
platform,2.079181246
schenectady,1.477121255
zeiss,1
rack,1
notes,2.230448921
patterns,1
toaster,1
mcclain,1
claim.,1
privately,1
car,1.301029996
testing,2.568201724
install,1.602059991
detectors,1.301029996
impressive,1
wi,1.84509804
expertise,1.698970004
screen,1.301029996
discuss,1.301029996
managed,2.230448921
authorities,1
proposals,1
45,1
equity,1
defects,1.602059991
flexera,1
comprehensive,1
flexnet,1
modernized,1
lotusscript,1.301029996
verify,1
cost,1.301029996
capabilities.,1
stayed,1
send,1.698970004
panel,1
postgresql,1
scenarios,1
sending,1
kicker,1
artifacts,1
run,1.602059991
saml,1
aws.,1
application,2.892094603
international,2.113943352
acted,1.301029996
utilizes,1
party,1
hoc,1.301029996
inter,1.477121255
resetting,1
equipment,1.602059991
hp,1.84509804
retrieval,1
databases,1.77815125
along,1.477121255
analyzed,1.602059991
tdo.interop,1
tracked,1
unison,1.301029996
aggregated,1
keeps,1
feature,1.698970004
charts,1.477121255
users',1
1.5,1.301029996
interfaces,1.477121255
edi,1
english,1
states,1.477121255
rfc2284,1
jack,1
encoder,1
fonts.,1
peers,1.477121255
log4j,1
agencies,1
deployment,1.698970004
minimum,1
rmon,1
industrial,1
metro,1.698970004
base.,1
rental,1.477121255
flexibility,1
phases,1.477121255
builds,1
rapidpro,1
tamil,1
tolerancing,1
correctness.,1
fda,1
platforms,1.477121255
industry,1.954242509
bootstrap,1.602059991
home,1
radius,1.602059991
jsp,1.84509804
gnu,1
sanity,1
collecting,1.301029996
representatives,1.301029996
court,1
headed,1
technologies,2.491361694
materials,1.602059991
billion+,1
[patient,1
environments,1.602059991
packs.,1
birt,1
copying,1
viewpermit,1
advocated,1
change,1.477121255
standard,1
unicef’s,1
handoff,1
material,1.301029996
checkstyle,1
adding,1
perl,1.903089987
oauth,1.602059991
calculations,1
meetings,1.301029996
studios,1
maintain,1.602059991
siebel,1
messaging,1
north,1
planning,1.602059991
automatically,1.602059991
ortho,1
postgres,1
webserver,1
ef,1
graph,1
stock,1.301029996
terminal,1
lifecycle,1.698970004
pilot,1
strong,1.477121255
tickets,1
basis,1
exports,1
user,2.462397998
mechanism.,1
dropzone.js,1
reliable,1.477121255
expose,1
nsis,1.301029996
hands,1.698970004
lan,1.301029996
rest,2.204119983
expert,1
cygwin,1.301029996
india,1.477121255
fetched,1.301029996
kung,1
laptops,1
active,1.301029996
comprised,1
ups,1.301029996
doctor,1.477121255
initiative,1
pandas,1
wsu,1.301029996
pdf,1.77815125
budget,1
assist,1.77815125
frontend,1
methodologies,1.698970004
disk,1.301029996
thrive,1
tables,1.477121255
speed,1
retail,1.698970004
dependent,1
pvt.,1.301029996
catia,1
underlying,1.301029996
luxottica,1
ruby,1
website,1.698970004
provisioned,1
contribution,1
scrummeetings,1
actual,1
flow,1.698970004
sw,1.477121255
flexnet's,1.301029996
produces,1.301029996
apps.,1
monitors,1
size,1.477121255
architects,1.301029996
gloversville,1
helpdesk,1
dcom,1
logging,1
effort,1.301029996
short,1.477121255
purchase,1.301029996
translate,1
pitney,1
inventory,1.602059991
spartan,1
design,2.662757832
ibm,2.361727836
xmls,1
contributing,1.301029996
providing,1.84509804
scalable,1.301029996
hadoop,1
suites,1
broadcom,1.477121255
intern,2.041392685
serves,1
horizon,1
usual,1
woburn,1.301029996
1999,1.77815125
visits,1.301029996
concerning,1.698970004
vb.net,1.698970004
blackbox,1
individual,1
6,1.477121255
raintree,1
achieved,1.602059991
npm,1
4.5,1.301029996
conducted,1.602059991
smarthome,1.301029996
assembler,1
sources,1
flux,1
4015n,1
photoshop,1.477121255
api,2.113943352
conjunction,1
rare,1
installed,1.84509804
graduates,1
thousands,1
built,2.204119983
lift.,1
viewpoint,1
changing,1
inspector,1
"""shift""",1
coverage,1.477121255
end,2.397940009
gps,1
streams,1
consumed,1.477121255
staffing,1.477121255
analyze,1.84509804
authoring,1
results,1.477121255
laboratories,1.301029996
obtained,1
validating,1
testable,1
bind,1.301029996
partners,1.77815125
transit,1.301029996
following,1.477121255
create,2
agents.,1
years',1
pertain,1
uc,1
replication,1
projects,2.342422681
among,1
orders,1.903089987
operator,1.477121255
two,1.602059991
source,2.041392685
technicians.,1
giving,1
routematch,1.301029996
defining,1
report,1.698970004
metadata],1
master’s,1
wpa,1.477121255
credit,1.698970004
jce,1
drawing,1
meadows,1
aerodynamic,1
framework.,1
workbench,1
1996,1.301029996
atkinson,1
ood,1
instrumented,1
junior,1.698970004
job,1.477121255
pfconcept.com,1
york,1.301029996
unique,1.301029996
specified,1.477121255
imported,1
diverse,1
tolling,1
rapid,1
driven,1.477121255
rle,1
feasibility,1
hw,1.301029996
vagrant,1
marketplace,1.301029996
modifications,1.477121255
notification,1
handle,1.698970004
corp.,1.301029996
targeted,1.301029996
learned,1.477121255
convergence,1
permit,1
eagle,1
limitations,1.301029996
customers',1
[software,1.477121255
premiums.,1
nodejs,1
authentication,1.698970004
5000,1
browsers,1
task,1.698970004
azure,1.301029996
concept,1
portal,1.77815125
accountants,1
ejb3,1
compilation,1
1998,1.903089987
sun,1.477121255
renewing,1
cameras,1
clinical,1
kathmandu,1.477121255
hokua,1
midrange,1
see,1
wrote,2.255272505
include,1.698970004
diseases,1
competition,1.477121255
localizations,1
32,1
applied,1
selection,1.301029996
acceptance,1.477121255
environment.,1
contracts,1.301029996
club,1.301029996
microsoft,2.397940009
vancouver,1
validation,1
isvs,1
start,1.301029996
replicated,1
improve,1.77815125
strategy,1.602059991
cio,1
receivable.,1
performs,1
students,1.477121255
lcd,1
1990,1.477121255
competitive,1
using,3.025305865
instructor,1.301029996
drive,1.301029996
combine,1
logs,1.477121255
salesforce,1.698970004
lotus,2.041392685
html,2.204119983
configurable,1
revenue,1.301029996
cucumber,1
discussed,1
tutor,1.477121255
ticket,1
taking,1.602059991
brand,1
engineer,2.908485019
statistics,1.602059991
grew,1.301029996
bangalore,1
wide,1.602059991
customer,2.568201724
page,1.698970004
company’s,1
microsoft's,1
moment,1
desired,1
transportation,1.698970004
telecommunication,1.301029996
airsis,1
little,1
bus,1
demand,1
experienced,2
different,2
bcrs,1
connections,1
properties.,1
throughput,1
explain,1
timelines,1
stories.,1
helping,1.301029996
workflows,1
switches.,1
temperature,1
ensure,1.77815125
react,1.301029996
collaboration,1.477121255
domino,1.301029996
continuous,1.301029996
magazine,1
call,1.84509804
leidos,1
rpgiv,1
academy,1
2015,2.380211242
exchange,1.477121255
others',1
supervisor,1.477121255
requirements.,1
coexistence,1
mapkit,1
doctor.,1
table,1
scheduling,1.477121255
infosys,1
508,1
instructions,1
process.,1
functions.,1
management,2.755874856
3d,1
1985,1
reliability,1.477121255
resolution,1.477121255
handler.,1
criteria,1
statement,1
microbyte,1
coding,1.477121255
indexer,1
goals.,1.477121255
paced,1
intelligent,1
dell,1
device,1.301029996
printing.,1
codebase,1
apparel,1.301029996
telecom,1.698970004
provide,2.041392685
coregraphics,1
packard,1.602059991
garde,1
englewood,1
future,1
agere.,1
company's,1.954242509
realtor,1
normalizer,1
boston,1.301029996
replicaction,1
leverage,1
month,1.301029996
resolve,1
problems,1.477121255
fixed,1
inc,2.113943352
port,1.301029996
mq,1
tri,1
british,1
personal,1.77815125
proprietary,1.84509804
microsystems,1.477121255
board,1.77815125
custom,2.301029996
flexera's,1.301029996
bill,1
effective,1.602059991
outing,1
artificial,1
200+,1
udp,1
mortgage,1.477121255
events,1
color,1
mass,1
cases,1.954242509
remains,1
illustrator,1.477121255
supervising,1
zoran,1
commissioning,1
facilitate,1
selling,1.301029996
adc,1
quick,1
design.,1
executives,1.301029996
document.,1
sharing,1.301029996
selected,1
function,1.602059991
reproduction,1
small,1.301029996
internal,2.204119983
people,1
handler,1.301029996
wsdl,1
contributed,1.602059991
mbunit,1
2013,2.301029996
3d­graphic,1
query,1.301029996
mode,1
pertinent,1
setting,1
generate,1.301029996
substances,1
10d,1
multiple,2.204119983
earned,1.477121255
business,2.447158031
ruskin,1
qa,2.176091259
packs,1.301029996
independent,1.602059991
backlog,1
assistant,1.698970004
costs,1.301029996
spoke,1
safely.,1
successfully,1.77815125
desk,1.477121255
apple,1
os,1.698970004
initiatives,1.301029996
products.,1.602059991
cupertino,1
opendoc,1
hewlett,1.602059991
throughput.,1
file,2.146128036
converted,1.477121255
hold,1
appropriate,1.301029996
codified,1
pay,1
ray,1
packages,1.602059991
helped,1.77815125
$615k,1
campbell,1.301029996
threads,1.301029996
execute,1.698970004
wellness,1
used,2.380211242
silently,1
window,1.301029996
testers,1
fabricated,1
strauss,1
106,1
multi,2.041392685
understanding,1.698970004
kot,1
spa,1.301029996
prixa,1
prediction,1
applications.,1.698970004
service,2.602059991
accomplished,1
interactive,1.301029996
railway,1
pareto,1
committed,1
1992,1
palawlibrary.com,1.301029996
education,1
focused,1.301029996
intelligence,1.477121255
bethesda,1
safe,1.301029996
mentored,1
supporting,1.84509804
product,2.633468456
pc,1.903089987
stoppages,1
relationship,1.602059991
policy,1.301029996
domain.,1
jpa.,1
aspects,1.301029996
telephone,1
coaches,1
format,1.77815125
wcf,1.477121255
tomcat,1.301029996
print,1.77815125
objectives,1
working,1.903089987
cli,1.477121255
creator,1
tx,1.77815125
8+,1
experian,1
porting,1.602059991
430,1
cliffs,1
self,1.477121255
cospace,1
olympic,1
vector,1.301029996
burlington,1.477121255
appropriately,1
request,1.698970004
studio,2.113943352
rejection,1
virus,1
daily,1.903089987
official,1
stations,1
four,1.477121255
needs,1.477121255
access,2.431363764
benefit,1
operational,1
documenting,1.301029996
edwards,1
module,2
familiarity,1
clothing,1.602059991
engineers,1.84509804
dll,1
accounting,1.602059991
contacts,1.301029996
cleaner,1
like,1.903089987
provisioning,1
rapport,1
guest,1
'back,1.301029996
vaultize,1.301029996
oversaw,1.301029996
major,1.301029996
blower,1
players,1.301029996
collection,1.301029996
wmi,1
smartwatch,1.301029996
uncover,1.301029996
detailed,1.477121255
versed,1.301029996
modeled,1
interfaced,1.477121255
goals,1.698970004
equipment.,1
foundation,1.477121255
cary,1
freelance,1
office,2.041392685
scripts.,1
ad,1.301029996
epics,1.301029996
vcg,1
mvc4,1
scm,1
sales,2.113943352
potential,1.477121255
quality,2.431363764
choices,1
systems,2.73239376
force,1.602059991
employing,1
january,2.361727836
hour,1.301029996
optometry,1
network,2.531478917
postpaid,1
protected,1.301029996
admin,1.301029996
firebox,1
java,2.556302501
duties,1.84509804
practical,1
years,2.397940009
matrixed,1
4.6.,1
dcs,1
responsible,2.380211242
hotline,1
sell,1
work,2.462397998
manufacturers.,1.301029996
industry's,1
recording,1
12,1.77815125
phase,1.602059991
servers,2.041392685
2000,2.146128036
alm,1
early,1
diagnostics,1.477121255
warranty,1
breeze,1
cutting,1
gives,1.301029996
updating,1.84509804
articles,1
disabled,1
printers,1
iphone,1.602059991
hiring,1.301029996
excelled,1
ipsec,1
core,1.301029996
wpf,1.477121255
100,1.477121255
tooling,1
bard,1
modelling,1
inspected,1.477121255
notable,1
done,1.301029996
approval,1
tuning,1.301029996
full,2.079181246
nucleus,1
trains,1
understand,1.301029996
quickly,1
procedure,1.301029996
august,2.431363764
end.,1.301029996
rollout,1
started,1
easy,1
4.6,1.477121255
ops,1.477121255
polling,1
los,1
unix,1.698970004
crm,1.698970004
conferencing,1.301029996
capture,1
reqirements,1
ability,1
framework,2.176091259
manufactured,1
planned,1.301029996
contributor,1
ahead,1
outputted,1
requirements,2.342422681
remaining,1
routinely,1
amritsar,1
delivered,1.77815125
level,2.079181246
vault,1
maharashtra,1
$3.9m,1
informatics,1
demos,1
offerings,1
storekit,1
coordinate,1.602059991
deployed,1.77815125
cognito,1
show,1
version,2.079181246
svn,1
definitions,1
provides,1.602059991
parse,1
license,1
attraction,1
smartphone,1.301029996
dials,1
instead,1
pack,1
sites.,1
gage,1
based,2.612783857
memberships,1
similar,1.698970004
advanced,1.77815125
views,1.477121255
crashes,1
correct,1.301029996
scientist,1.477121255
xslt,1
creative,1
bootstrap.,1
database.,1.77815125
xml,2
electro,1
jasmine,1
media,1
tiruchchirappalli,1
queries,1.77815125
cards,1
photo,1
added,1.477121255
blocking,1
progression,1.301029996
guides,1
csv,1
expected,1
ann,1
define,1
quantum,1
get,1
outcomes,1
fresh,1.602059991
ascent,1
types,1
summarize,1
"""customer",1
five,1.477121255
designers,1
side,1.698970004
game,1.698970004
functional,1.77815125
tracking,1.698970004
fire,1
inspection,1.477121255
apns,1
eclipse,1.477121255
svcs,1
completion,1
commercial,2.146128036
macon,1.301029996
deals,1.301029996
consulting,1.903089987
monthly,1.301029996
compared,1.477121255
django,1.477121255
series,1
escalations,1.301029996
sale,1.602059991
containers,1
coretext,1
meter,1
id,1.301029996
identical,1
production,1.903089987
roadmaps,1
value,1
interfere,1
career,1
ran,1
"""green",1
ide,1.477121255
march,2
squid,1
frequently,1
johnstown,1
changed,1
ajax,2.146128036
675,1
etc,1.301029996
robust,1
cloud,2.079181246
tests,1.903089987
models,1.301029996
api’s,1
town,1
customers,2.301029996
phillips,1.301029996
growing,1
administrator],1.301029996
port.,1.301029996
cisco,1.77815125
reorganized,1
identifying,1.301029996
voip,1
progress,1.477121255
2k,1
mac,1.477121255
sonar,1
errors,1.301029996
95,1
freelancer,1
as9100.,1
linq,1.698970004
cpa's,1
goal,1
itextsharp,1
shipped,1.477121255
oak,1
wireless,1.954242509
november,2
compton,1.301029996
particular,1
nunit,1
redundancy.,1
documented,1.477121255
institute,1.301029996
building,1.903089987
plans,1.954242509
loans.,1
booked,1
tola,1.477121255
miles,1
invoice,1
$4.2m,1
introduction,1
improper,1
fault,1
utility,1.477121255
tortoisesvn,1
code,2.491361694
firing,1
libraries,1.301029996
ensured,1
abnormal,1
onevision,1
veterans,1
character,1.77815125
calls.,1
nt,1.602059991
website.,1
kit,1
michael's,1
fluor,1
stake,1
groomed,1
needed,1.477121255
profitability,1
ltd,1.301029996
400,1.602059991
determine,1.77815125
x.509,1
united,1
bit,1
winforms,1.301029996
insightful,1
ci,1.301029996
asp.netapplication,1
analysis,2.230448921
processes,1.698970004
handling,1.84509804
adm,1
spaces,1
hot,1
runs,1
geo,1.301029996
msp16,1
even,1
billing,1.903089987
debugging,1.301029996
caliper,1
program,1.903089987
internship,1.954242509
housing,1
responsibilities,2.255272505
engine,2.041392685
consistent,1.602059991
logon,1
apps,1.84509804
150,1
assisted,2.079181246
md,1.301029996
frameworks,1.301029996
sole,1
retrieves,1
i.e.,1.698970004
responses,1
shell,1
decoupled,1
rating,1.301029996
also,1.903089987
every,1.477121255
graphics,1.602059991
snmp,1.301029996
designing,1.698970004
operations,1.954242509
boards.,1.301029996
$276k,1
visualizations,1.602059991
established,1.301029996
lob's,1
line,2
san,2.255272505
802.11i,1.301029996
samsung,1.301029996
encryption,1
1st,1
dba,1
api's,1.301029996
25,1
radiation,1.477121255
agents,1.477121255
implemented,2.491361694
connect,1
processor.,1
december,2.255272505
computerized,1
lowell,1.301029996
nadu,1
implementing,1.301029996
modifying,1
spreadsheets,1
rft.,1
lingual,1
clm,1
explaining,1
notepad++,1.301029996
scada,1.301029996
compression,1
basis.,1
co,1.698970004
helper,1
artist,1.301029996
powerpoint,1
stages,1
wascompatible,1
migration,1.77815125
campaigns,1.477121255
managers,1.301029996
interact,1.301029996
mocking,1
modern,1.301029996
e.g.,1.301029996
escalated,1.477121255
theme,1
gauges,1
customized,1.602059991
14+,1
knowledge,1.903089987
part,1.903089987
title,1
designed,2.643452676
code.,1
clerk,1
virtualbox,1
programming,2.041392685
foundational,1
managing,1.301029996
xscale,1
scrum,1.698970004
allows,1
drove,1
alcon,1
"""logical""",1
wires,1
lis,1
usg,1
scheduler,1.301029996
samples,1.477121255
service.,1.301029996
statistician,1
school’s,1
multimillion,1
aviation,1
signature,1
fetches,1
tecace,1.301029996
circuit,1
optimal,1
3+,1
native,1.301029996
redux,1
jda,1
rad,1
alongside,1
concerns,1
stand,1
graphic,1.698970004
property,1.477121255
sensible,1
populate,1
specialist,2.431363764
driver,2.079181246
account.,1
popular,1.477121255
office',1
hotel,1.301029996
individuals,1.301029996
server,2.755874856
directory,1.698970004
mastercam,1
moved,1
hpe,1.477121255
tasked,1.477121255
editing,1
navajo,1
drop,1.477121255
cache,1
winning,1
accepted,1
reps,1
millions,1.477121255
room,1
stack,1.477121255
user's,1
healthline,1
websphere,1.477121255
releases.,1.477121255
workflow,1.301029996
term,1.477121255
manager,2.633468456
attach,1
bulk,1
bugs,1.602059991
remediated,1
alliance.,1
comparison,1.301029996
millennium,1
extensible,1
input,1.477121255
california,1
externship,1.301029996
animations,1
engagement,1
communication.,1.301029996
angularjs,1.301029996
many,1.84509804
binary,1
des,1
multiplayer,1
profit,1.477121255
mountain,1.301029996
topics,1.301029996
schema,1.698970004
1,1.602059991
conferences.,1
techniques,1.602059991
devices,1.301029996
select,1.301029996
satisfied,1
browser,1.477121255
gdit,1
discovery,1
viewing,1
defense,1
50,1.301029996
scouts,1
comparator,1
members,1.477121255
records,1.301029996
intuitive,1.301029996
half,1
atos,1
keyword,1
1984,1.477121255
research,1.903089987
college,1.698970004
programs,1.903089987
upgraded,1.602059991
deliverer,1
de,1
changes,1.954242509
functions,1.698970004
always,1
overall,1
tray,1
sanitation,1
rebuilds,1
$3.5m,1
schneider,1
info,1.477121255
lans,1
xaml,1
frd,1
snippets,1.301029996
sybase,1.477121255
134%,1
1994,1
jul.,1
'windows',1
samba,1
bake,1
deploying,1.477121255
transitioned,1
1997,1.954242509
parsed,1
4gl,1
generated,1.698970004
twitter,1
oriented,1.698970004
watchguard,1
&,2.505149978
keil,1
2+,1.301029996
number,1.602059991
offshore,1
country.,1.301029996
proficient,1.301029996
biztechnologies,1
failure,1.301029996
enhancements,1.698970004
flash,1
conditions,1.477121255
consultative,1.301029996
client's,1.477121255
docutech,1
signal,1.477121255
consultant,2.301029996
according,1.301029996
cards.,1
machines,2
responsibly,1
may,2.447158031
methods,1.477121255
vim,1
tenants,1
xhtml,1
addition,1
duluth,1
dallas,1.301029996
avant,1
founder,1
extracts,1
syndeo's,1
let,1.301029996
registered,1
tested,1.301029996
track,1.301029996
louisiana,1
2012,2.477121255
manual,1.477121255
prints,1
weeks,1.477121255
japanese.,1
wins,1.477121255
newburgh,1
pf_unix,1
worker,1
objective,1
ccna,1.301029996
garden,1.301029996
radioactive,1
procedures.,1.301029996
servlets,1.477121255
department's,1
implement,1.77815125
php,2.079181246
mendon,1
specimens,1
lucene,1.301029996
6+,1.301029996
locust,1
toshiba,1
whitespace,1
learn,1
build,2.041392685
access.,1
resource,1.477121255
skills,2.113943352
ltd.,1.301029996
pipes,1.301029996
aug,1
legacy,1.84509804
collaborate,1.301029996
installation,2.041392685
netbeans,1
rfc4764,1
conflicts,1
deprecated,1
images,1.602059991
formatted,1.301029996
maximum,1.301029996
promote,1.301029996
computer,2.477121255
gained,1.477121255
1.x,1
openvpn,1
medical,1.954242509
mapping,1
accidents.,1
achievements,1.477121255
prospecting,1.301029996
portray,1.301029996
slack,1.301029996
principal,1.301029996
mcse,1.301029996
engineering,2.342422681
topology,1.301029996
ejb3.,1
efficient,1.477121255
20,1.477121255
smart,1.602059991
threadx,1
desktop,2.079181246
canada,1
reported,1
interview,1.301029996
patients,1.301029996
project.,1.301029996
share,1
bedford,1
match,1
price,1
monetization,1
greater,1
interacting,1
modernization,1
quote,1
accomplishments,1.301029996
demonstrations,1.301029996
professor,1.301029996
innovation,1.477121255
bowes,1
lines,1
dynamodb.,1
criteria.,1
specification,1
authored,1
basic,2.079181246
executed,1.77815125
responds,1
apis,1.477121255
devops,1.301029996
locks.,1
content,1.477121255
1000,1.477121255
created,2.491361694
sr.,1.301029996
gen,1
technician.,1
excess,1
architure,1
practices,1.77815125
$320k,1
aspect,1.301029996
responded,1
release,1.698970004
rochester,1
methodology],1
scanning,1
taylor,1
administrative,1
ca,2.431363764
ux,1.77815125
look,1.301029996
view,1.84509804
engagements.,1
diagrams.,1.301029996
pipeline,1
tasks,1.602059991
science,1.301029996
smtp,1.301029996
medellin,1.602059991
savaje,1
master,1
physical,1
manage,1.77815125
strings,1
kerala,1
inclusion,1
jira,1.477121255
dealer,1
citizens,1.301029996
illustration,1
person,1.477121255
grove,1
composite,1
updates,1.477121255
catalog,1
c,2.079181246
freightlines,1
confirmed.,1
completed,1
due,1.301029996
editorial,1
ieee,1.602059991
laptop,1
iona,1
mail.,1
making,1.477121255
vxworks,1.301029996
store,1.477121255
2017,2.301029996
chelmsford,1
3,1.698970004
pirch,1.301029996
mail,1.84509804
implementation,2.146128036
torchmark,1
exam,1.477121255
include.,1
multicast,1
alumni,1.477121255
excellent,1
periodic,1
reassigned,1
backed,1
accurate,1.301029996
optics,1
anyone,1
from.,1
integration,2.146128036
specialized,1.301029996
communications,1.77815125
tree.,1
subsystem,1
avail,1
role,1.477121255
associate,1.84509804
directorate,1.477121255
modal,1
wireshark,1
project,2.755874856
printer,1.698970004
tree,1.301029996
clearance,1.301029996
repairing,1
creation,1.84509804
routing,1.477121255
customer's,1
rep,1.301029996
viewer,1.301029996
domain,1.602059991
uis,1
seconds,1
gcd,1
word,1
instance,1
75,1.477121255
litmus,1
campaign,1
wipro,1.301029996
approved,1
ordinate,1
expansion.,1
picturetel,1
interpret,1
elbrys,1
vista,1
delivery,1.84509804
radioshack,1
period,1.301029996
troubleshooting,2.079181246
place,1
influenced,1
geico,1
oracle10,1
ported,1.301029996
linux.,1.301029996
shutterstock,1
patient’s,1
develop,2.146128036
employees,1.698970004
execution,1
champs,1.477121255
j2ee,1.84509804
subscribe,1
minor,1
humphries,1
nightly,1
rouge,1.477121255
eliminated,1
long,1.301029996
traced,1
unacceptable,1
bug,1.77815125
startup,1
fu,1
programming.,1
cci,1
primarily,1
economy.,1
organized,1.602059991
chipsets.,1
pitch,1
free,1.301029996
30,1
payroll,1.602059991
whitebox,1
housed,1
endpoint,1
well.,1
sorts,1
analysts.,1
backend,1.301029996
executive,1.602059991
released,1.477121255
mirado,1.477121255
nh,1.602059991
instituting,1
jenkins.,1
via,1.903089987
coverage's,1
iperia,1
kakfa,1
testing.,1.602059991
hill,1.698970004
scripts,1.77815125
host,1.301029996
memory,1.602059991
accountable,1.301029996
atf,1
codediary,1
allocation,1
epson,1
webex,1
ejb2.0,1
requiring,1.301029996
control,2.301029996
foods,1
deployments,1.301029996
aix,1
audited,1
complete,1.903089987
technicians,1
andover,1.301029996
configured,1.77815125
embedded,2.079181246
transferred,1
park,1
md5,1
finish,1.301029996
machine,1.602059991
deliverables.,1.301029996
lists,1
tax,1.477121255
computation,1
meet,1.477121255
migrations,1
iis,1.301029996
ensuring,1
chip,1
developer,2.903089987
struts,1.698970004
5,1.77815125
often,1
jogged,1
.net,2.204119983
jms,1.301029996
teamforge,1
pf_inet,1
fixes,1.602059991
campus,1
interpersonal,1
approximately,1.301029996
introductory,1
negotiated,1
clara,1
watch,1
personally,1.477121255
recovery,1
msl6030,1
notifying,1
reference,1.602059991
success.,1.301029996
enterprise,1.954242509
ims,1.602059991
owned,1.301029996
trackers,1
teams.,1
training,2.079181246
budgets,1
readiness,1
granite,1.301029996
located,1
vi,1
capabilities,1
participate,1
diagrams,1.602059991
partner,1.698970004
leader,1.602059991
gave,1
invoices,1.477121255
texas,1
seven,1.301029996
external,1.477121255
oozie,1
logic,1.301029996
either,1
representative,1.84509804
man,1.301029996
modeler,1
receivable,1.301029996
field,1
ny,2.146128036
fayetteville,1.301029996
type,1.602059991
carefusion,1
enabled,1
professionals,1.602059991
educating,1
levels,1.477121255
made,1.698970004
businessobjects,1
downloadable,1
debugged,1.301029996
functionality,1.477121255
simulation,1.477121255
amr,1
map,1.698970004
2014,2.397940009
president,1.477121255
42,1
partially,1
story,1
inception,1
architectural,1
tape,1.477121255
apache,1.602059991
sockets,1.477121255
advertisements,1.301029996
scala,1
aspx,1
workspace,1
pmo,1.301029996
11,1
3.6m,1
additionally,1
synchronization,1.602059991
promotions,1
contact,1.477121255
safety,1
reached,1
token,1
progeni,1
15,1
fields,1.301029996
symantec,1.477121255
vxd,1.301029996
$620k,1
voda,1
market.,1.301029996
collaborated,1.903089987
space,1.602059991
solr,1.77815125
placed,1
avoid,1.301029996
syslog,1
networking,1.77815125
api.,1
lalitpur,1
lending,1
engagements,1
frisco,1
thus,1
platform.,1.301029996
x1000,1
origination,1
encountered,1
trainee,1
nuclei,1
translink,1
better,1
export,1
santa,1
day,1.77815125
volunteer,1.477121255
np,1.301029996
sas,1
forecasting,1
hololens,1
emergency,1.301029996
given,1.301029996
protocol,1.954242509
carried,1
dual,1.301029996
integrated,2.079181246
handled,1
holders.,1
802.11,1.301029996
generates,1.77815125
tbcp,1
bachmann,1
lecturer,1.301029996
researched,1.477121255
descriptions,1
hr,1
municipality,1
$1.1m,1
postage,1
premises,1.602059991
isapi,1
rfc2866,1
region,1.698970004
proteus,1
history,1
fax,1.301029996
arrow,1
ipad,1.301029996
applying,1.301029996
businesses,1.301029996
pl\sql,1
intership,1
systems.,1.602059991
location,1.301029996
mimetype,1
centers,1
cleaning,1
ess,1
web,3.025305865
average,1.84509804
cross,1.301029996
codec,1
output,1.477121255
mibs,1
postman,1
venues.,1
interfacing,1
slideshows,1
analytics,1
accounts,2.041392685
modules.,1
aws's,1.602059991
shipment,1
assignment,1.301029996
socket,1.301029996
etc.,1.84509804
researcher,1.301029996
paper,1
japanese,1.301029996
staff,2.146128036
rpg,1
enhancing,1
cables,1
300%,1
windows,2.477121255
instantly,1
groups.,1
lenders,1
redesigned,1.602059991
files.,1
specify,1
upsell,1.301029996
lru,1
documentation.,1
image,1
guidance,1.301029996
pushing,1
transferring,1
fi,1.698970004
109%,1
taxes,1.301029996
c++,2.278753601
ordering,1
single,1.477121255
mentioned,1
ec2,1
jersey,1
psk,1
link,1
supplicant.,1
extern,1
architecture,2.041392685
document,1.954242509
calls,2.204119983
increasing,1
customers.,1.602059991
six,1
volunteered,1
redundant,1
2011,2.113943352
offs,1
time,2.230448921
high,1.77815125
"""blue",1
constantly,1
ike,1
cubic,1.301029996
restful,1.698970004
freebsd.,1
ambulance,1
help,1.698970004
architected,1.602059991
raid,1
cycle,2.113943352
included,2.113943352
disaster,1
voicemail,1.301029996
email,1.84509804
smoke,1
appreciation,1.301029996
portfolio,1.477121255
improved,1.77815125
event,1
read,1.602059991
examination,1.477121255
banyan,1
licensed,1.301029996
authorization,1
server.,1.77815125
forms,1.477121255
recycling,1
editor.,1
perform,1.477121255
provided,2.322219295
jawlakhel,1
vmware,1.301029996
publish,1
pf_netbios,1
cochin,1
taxonomy,1
palm,1.301029996
2009,1.954242509
healthcare,1
display,1.301029996
rnd,1
affected,1
0,1.301029996
tu,1
readers,1
press,1
online,2
angeles,1
addressing,1
phased,1
widely,1.301029996
mark,1
chutzpah,1
meetinghouse,1.301029996
gateway,1
maintaining,1.698970004
1988,1.77815125
2d,1
overachieved,1
sage,1.602059991
officer,1.602059991
integral,1
database,2.612783857
solid,1
sempra,1.301029996
pricing,1.477121255
satisfaction,1.301029996
georgia,1
suitable,1
bcp,1
seat,1.301029996
assessed,1
secure,1.301029996
position,1.698970004
github,1
corelocation,1
specials.,1
accessories.,1
bma,1
back,2
fast,1
focus,1.301029996
assurance,1.698970004
diagnosed,1
leading,1.477121255
migrated,1
verified,1
subject,1
35,1
bases,1.301029996
microservices,1.301029996
stakeholder,1.301029996
whole,1
projector,1
upgrades,1.301029996
integrating,1.301029996
corruptions,1
win95,1
rational,1
db2,2
stakeholders,1
bank,1.477121255
took,1.602059991
johnson,1
pool,1
incorporate,1
train,1.477121255
columbia,1
requirement,1.698970004
offices.,1
jd,1
tacac+,1
orm,1
approach,1
font,1.602059991
ingestion,1
localization,1.602059991
musical,1
plc,1.301029996
narrowband,1
published,1.301029996
clearmake,1
day.,1.301029996
rfc4502,1
base,1.84509804
acknowledgements,1
vehicles,1
osx,1
february,2.041392685
teach,1
received,1.301029996
corporation,1.84509804
accuracy,1
corba,1.77815125
digitec,1
processor,1
energy,1.602059991
ask,1
fully,1
step,1.477121255
spartin,1
standards,2.041392685
cr,1
school,1.698970004
multithreaded,1.301029996
stream,1
per,1.903089987
commerce,1.301029996
communicate,1.477121255
>6,1
dollars,1.477121255
supplies,1
overnight,1
clean,1.477121255
entertainment,1
enable,1
corp,1.301029996
chat.,1
financial,1.77815125
certification,1.602059991
classes,1.301029996
growth,1
departmental,1.602059991
8,1
validation.,1
collections,1.301029996
white,1
sap,1.77815125
google,1.84509804
programmed,1.602059991
offer,1.477121255
rfc5216,1
intel,1.77815125
demanding,1
log,1.301029996
internationalization,1.77815125
faulted,1
android,1.84509804
fetch,1
slow,1
till,1
works,1.477121255
90%,1
vs,1.477121255
trading,1
perc,1
realize,1
related,1.903089987
developers,2.079181246
locus,1
ldap,1
highly,1.602059991
http,1.301029996
reviewed,1.77815125
designer,1.84509804
20%,1
qualifications,1
engine.,1.301029996
linux,2.176091259
symbol,1.301029996
astronomy,1
massachusetts,1
sent,1.301029996
waterfall,1
2007,1.77815125
harnesses,1
pains,1.301029996
skilled,1.301029996
odata,1
technical,2.707570176
lines.,1
700,1
solaris.,1
administration,1.477121255
repository,1.301029996
e,1.698970004
group,1.903089987
t1,1
inside,1
expand,1.301029996
project's,1
policies,1.903089987
charting,1
multithreading,1.698970004
weston,1
tool.,1
administered,1.301029996
spec,1
mismatched,1
publications,1
unity,1
insurewell,1.301029996
remote,1.77815125
accountability.,1
partners.,1
challenges,1.301029996
troop,1
ever,1.301029996
river,1
n,1.602059991
intranet,1.477121255
lindsey,1
html.,1
visual,2.462397998
solrj,1
daniel,1
american,1.477121255
world,1.301029996
regarding,1.301029996
[asp.net,1
conway,1
chapel,1.477121255
premiere,1
performance,2.230448921
isv's,1
bible,1
reeves,1
$80m,1
government,1.301029996
occasionally,1
updates.,1
js,1.602059991
sm,1
quota,1.77815125
opportunity,1.301029996
would,1.477121255
connection,1
monitoring,1.477121255
served,1.301029996
indicator,1
smoothie,1.301029996
timely,1.301029996
keep,1
advised,1.477121255
assure,1
environment,2.414973348
physics,1
reconciliation,1
underachieving,1
rendering,1
objects,1.477121255
extracted,1
solution,2.301029996
boards,1.301029996
graduate,1
amounts,1
rfms,1
mechanics,1
robins,1
consolidated,1
jslibraries,1
generator,1.301029996
cuda,1
spanish,1
total,1.301029996
nepal,1.954242509
microversion4,1
architect,2
clearcase,1
si's,1
writing,1.903089987
scientists,1
software.,1.477121255
arc,1
enabling,1.301029996
automation,2.079181246
placing,1
leaner,1
certifiers,1
analytical,1
product.,1
reports,2.204119983
protocols,1
congestion,1.301029996
mks,1
excel,1.602059991
effectively,1
improvement.,1
target,1.301029996
contractor,1.301029996
removing,1
status.,1
support,2.86332286
enhanced,1.602059991
identified,1.477121255
login,1
firmware,1.301029996
eap,1.84509804
jose,1.602059991
various,2.531478917
1987,1.301029996
information,2.447158031
tv,1
ownership,1
saas,1.698970004
throughout,1.84509804
tcl,1
reload,1
operating,1.77815125
coordinating,1
life,1.954242509
hires,1.301029996
insurance,1.954242509
css.,1
video,1.698970004
receivables,1
graphs,1.301029996
functionally,1
soa,1
assembly,1
unreleased,1
tracks,1
first,2
operation,1.477121255
voice,1.301029996
comp,1
gdi,1
dashboards,1.301029996
leak,1
presentations,1
solve,1
employed,1.477121255
facing,1
summer,1
flows.,1.477121255
myriad,1
monitored,1
suppliers,1
front,1.954242509
morrisville,1
vendors,1.602059991
entitlement,1
areas,1
pediatrics,1.477121255
"supplied""",1
direct,1
within,2.146128036
corresponding,1
openssh,1
collected,1
reconciliation.,1
net,1.301029996
unit,1.903089987
trends,1
variety,1.602059991
yearly,1
organizer,1
adopt,1
shop,1
allowed,1.301029996
logo,1.301029996
energetic,1
disputes,1
epicor,1
pre,1.301029996
android.,1
arm,1.602059991
mechanical,1.301029996
kamco,1
ledger,1
chipsets,1
trusted,1
shut,1
passwords,1
continuity,1
indigo,1
oracle10g,1
download,1
system's,1
improvements,1
opengl,1
issues,2.301029996
tech,1.301029996
2016,2.62324929
consistently,1.301029996
recruitment,1.301029996
red,1
highlight,1
50%,1
hmis,1.301029996
regression,1.301029996
executing,1.301029996
formulated,1
underwriting,1
critical,1.602059991
thapathali,1
procurve,1
pcb,1
editor],1
gerrit,1
extract,1.301029996
site,1.698970004
appointment,1.301029996
plone,1
2001,1.84509804
point,1.602059991
patches.,1
j2se,1.477121255
sunnyvale,1
cmm,1.602059991
ballston,1
architecture.,1.301029996
date,1.477121255
unlike,1
milestones,1.301029996
updated,1.954242509
uri,1
wearable,1.301029996
named,1.477121255
residential,1
peap,1
structure.,1
10%,1.301029996
exceeded,1.301029996
next,1.477121255
counselor,1
sensor,1.301029996
duplex,1
july,2.255272505
recruited,1.301029996
medicare,1
activities,1.698970004
sold,1
successful,1.301029996
mcq,1
class,1.77815125
ares,1
200%,1
rates,1.477121255
cognos,1
clients',1
ios,1.698970004
raychem,1
ceo,1.477121255
baton,1.477121255
packet,1
ultimate,1
subcontract,1
mci,1
switch,1.602059991
reduced,1.301029996
parameters,1
bolivariana,1
queries.,1
participated,1.602059991
2nd,1
upgrades.,1
storageworks,1
channel,1.477121255
samples.,1
recommended,1.301029996
scout,1.301029996
detector,1
newly,1
organization,1.602059991
dog,1
mvc,2.041392685
global,1.477121255
gui,1.602059991
toolsets,1
platforms.,1
structures,1.477121255
electronics,1
cities,1
backups,1.301029996
codecs,1
generators,1
teacher,1.602059991
xp,1
around,1
3rd,1
module.,1.301029996
site.,1
axis,1
youth,1
alpine,1
berkeley,1
client’s,1
initial,1.602059991
booking,1.301029996
8000,1
euro.,1
10,1.477121255
robotic,1.301029996
sourcetree,1
payments,1.477121255
laboratory,1
peer,1
distributed,1.77815125
fl,1.477121255
briefing,1
automatic,1
vq,1
loan,1
wa,1.84509804
worth,1.301029996
led,2
direction,1
lsu,1.602059991
prioritization,1
construct,1
git,1.602059991
50+,1
e1,1
