vista,1
zap,1
python,2.698970004
servlet,1.301029996
acquisition,1
spa,1
comet,1
principles,1
gl,1.602059991
setoolkit,1
sccs,1
groovy,1
recognition,1
racf,1
window,1
jqgridphp,1
porting,1
2010,1
realview,1
codeigniter,1.301029996
register,1
software,2.447158031
9,1.477121255
linux.,1
mbunit,1
vc++,1
multi,1.301029996
understanding,1.301029996
arduino,1
different,1
4,1
toolkit,1
orcad,1
atmega,1
interoperation,1
vb6,1
service,1.698970004
j2ee,1.903089987
hardware,2.079181246
marketing,1.301029996
interdev,1
dli,1
script,1.698970004
2000,1.602059991
ecosystem,1
core,1.602059991
ui,1.602059991
i18n,1
specifications,1
nexpose,1
wan,1.301029996
soapui,1.301029996
restful.,1
proper,1.477121255
bug,1.477121255
time,1
processing,1
safe,1
concepts,1.477121255
citi,1
irons,1
supporting,1
product,1
nosql,1
system,2.342422681
lisp,1
installing,1
eb,1
commands,1.301029996
network+,1.477121255
instruments,1.301029996
following,1.301029996
handheld,1
vcs,1
c#.net,1.477121255
free,1
telephone,1.477121255
checkpoint,1
kd,1
girl,1
wcf,1.301029996
cms,1
tomcat,1.84509804
drivers,1.698970004
diagnostics.,1
csharp,1
ux,1
r2,1
released,1
debugging,1
pws,1
vdi,1
gathering,1
elicitation,1
cis,1
buildbot,1
services,2.230448921
methodology,1.301029996
tool,1.698970004
studio,2.431363764
recon,1
toad,1
interchange,1
automotive,1
microprocessor,1
testing.,1
conversant,1
mail,1
json,1.84509804
clear,1.301029996
c#,2.755874856
opc,1
mapreduce,1
access,2.113943352
batch,1
graphical,1
october,1
control,2
cocoa,1.301029996
jump,1
fight,1
continuous,1
accounting,1.301029996
3rd,1.301029996
ja,1
like,1.301029996
qt,1.477121255
1,2.919078092
2years,1
cloud,1.698970004
debugger,1
fall,1
confluence,1.301029996
machine,1.477121255
mock,1
c++,2.799340549
microversion,1
ebs,1.301029996
function,1
selenium,1.301029996
1.1,1
iis,1.301029996
jquery,2.544068044
uml,1.301029996
programs.,1
7,2
developer,1.954242509
struts,1.602059991
5,2.544068044
lines,1
.net,2.556302501
staruml,1
importing,1
ssl,1
development,2.707570176
office,2.322219295
server.,1
hybrid,1
ionic,1.301029996
technology,1.77815125
chef,1.477121255
power,1
soap,1.77815125
indesign,1
sales,1
ddt,1
quality,1
mssql,1.301029996
labview,1.477121255
x,1
enterprise,1
ims,1.77815125
cutting,1
network,1.903089987
fair,1.301029996
peach,1
moduleviewcontroller,1
scrum,1.477121255
training,1
java,2.86923172
fully,1
practical,1
years,3.298853076
troubleshooting,1.903089987
leader,1
jazz,1
ddk,1
11g,1.77815125
workstation,1.301029996
blackboard,1
berkshelf,1
vb,1
jcl,1.301029996
snmp,1.301029996
spring,2.146128036
scripts,1.602059991
2,2.69019608
sqlite,1.77815125
components,1.301029996
work,1
phpmyadmin,1
dos,1.301029996
denormalization,1
ultra,1
ides,1.698970004
interpersonal,1
velocity,1
mongodb,2
sound,1.301029996
maya,1
2014,1.301029996
case,1.477121255
iphone,1.84509804
audit,1
bash,1.602059991
html+css,1.477121255
manage,1
html5,2.230448921
javascript,2.799340549
jtag,1
wpf,1.477121255
95,1
devops,1
researched,1
powermock,1
tls,1.301029996
mobile,1.477121255
modelling,1
bi,1
spiral,1
toolchain,1.301029996
silverlight,1
vxds,1
filesystems,1
magento,1
apache,1.903089987
sockets,1.301029996
tuning,1.301029996
national,1.301029996
capture,1
jdbc,1.698970004
thinking,1
cross,1
programming,2.897627091
wsdl,1
sever,1
10g,1
console,1
cvs,1.477121255
rollout,1
data,2
keil,1
easy,1
ejb,1.301029996
gtc,1
tooling,1
vantive,1
unix,2.041392685
freemake,1
extjs,1
hive,1.477121255
suit,1
vmware,1.84509804
burpsuit,1
hodoop,1
java1.8,1
ability,1.301029996
framework,2.361727836
log4j,1
485,1
networking,2.278753601
rexx,1.301029996
requirements,1.301029996
bigdata,1
platforms.,1
github,1.602059991
svg,1
utilities,1.301029996
assurance,1
unity3d,1.301029996
presentation,1.301029996
dotnet,1.477121255
spi,1
standard,1.301029996
websphere,1.477121255
agile,2.146128036
irrlicht,1
dreamweaver,1.602059991
version,1.77815125
commerce,1
sas,1.477121255
bit,1
three,1
complex,1
profile,1
progressing,1
dev,1
protocol,1
micro,1
mips,1
ps3,1
css3,2.113943352
typewriter,1
door,1
[...],1
based,1
advanced,1
bsd,1
procedures,1.301029996
boomi,1.301029996
angular,1.84509804
tutoring,1
soci,1
98,1.301029996
creative,1
sim,1
hibernate,1.84509804
maintenance,1.602059991
star,1
rs232,1
comprehensive,1
redis,1
scala,1.477121255
gimp,1.477121255
queries,1.477121255
including,1.698970004
ipad,1.602059991
switching,1
manipulation,1
cobol,1.301029996
openvas,1
virtualization,1
virtualbox,1
message,1
ado.net,1.602059991
ttls,1
natural,1
best,1
web,2.826074803
11,1
remedy,1
formats,1
delegates,1
hci,1.301029996
db,1.301029996
postscript,1
rwdbtools++,1
refactoring,1
side,1.477121255
postman,1
jqgrid,1
collaboration,1
tracking,1.477121255
analytics,1.301029996
hcs12,1
factory,1
human,1
eclipse,2.255272505
normalization,1.301029996
plus,1
react.js,1
year,2.919078092
mariadb,1
area,1.301029996
rs,1.301029996
v,1
rft,1
node.js,1.301029996
policy,1.301029996
custom,1.301029996
compatibility,1
experience,1
andriod,1
app,1.954242509
business,1.477121255
2003,1.602059991
beyond,1
crm.,1.301029996
boost,1
motorola,1.301029996
ide,1.84509804
solutions,1.477121255
receptionist,1
mentor,1.301029996
thinker,1
proficiency,1
vhdl,1.477121255
vision,1
ajax,2.079181246
prolog,1.602059991
outlook,1.602059991
face,1
asp,2
canvas,1
scheme,1
fpgas,1
patterns,1.903089987
smarty,1
ec2,1
applications,1.903089987
cisco,1.84509804
express,1.698970004
psk,1
voip,1
progress,1.698970004
testing,1.77815125
possess,1
mac,1.602059991
peripherals,1
sonar,1
managerial,1
architecture,1.301029996
hat,1.477121255
calls,1
problem,1.84509804
cpack,1
wi,1
streaming,1.301029996
expertise,1.301029996
linq,1.602059991
scsi,1.301029996
grunt,1.301029996
gdb,1.301029996
nortel,1
task,1
exchange,1
35,1
filtering,1
uart,1
svn,1.698970004
oxfordshir,1
rally,1
modelsim.,1
highcharts,1
nunit,1.301029996
cloudera,1.477121255
restful,1.477121255
internationalization,1
help,1
perforce,1.477121255
tcp,1.477121255
cgi,1
oracle,2.568201724
openmp,1
debuggers,1
suite,1.698970004
email,1.301029996
fault,1
well,1
php5,1
swt,1
pycharm,1.301029996
application,2.176091259
cryptography,1
read,1
code,1.84509804
ap,1.602059991
guide,1
internet,1.698970004
crm,1
libraries,1.301029996
owasp,1
imaging,1
com,1.301029996
rtos,1
international,1
perform,1
mapper,1
frontpage,1
solr,1.602059991
organizational,1.301029996
hp,1.477121255
line,1.301029996
adobe,2.146128036
tectia,1
template,1.301029996
notepad++,1
combination,1
node,1.477121255
winforms,1.301029996
servers.,1
draft,1
webservices,1
analysis,1
processes,1.301029996
interfaces,1.477121255
handling,1.602059991
serial,1
registry,1
sybase,1
combiner,1
protocals,1
relationship,1
pig,1.477121255
model,1.301029996
letters,1
3.5,1.301029996
spy.,1
yui,1
dns,1.301029996
maintaining,1
z,1.301029996
library,1.477121255
backbonejs,1
spreadsheet,1
responsibilities,1
xslt,1.602059991
engine,1
intermediate,1
database,2.643452676
django,2.322219295
google,1
ssis,1.602059991
singleton,1
autoit,1.301029996
codeview,1
self,1
controls,1.301029996
entity,1.477121255
frameworks,1.77815125
platforms,1.77815125
sqlite3,1.301029996
i.e.,1
bootstrap,2.176091259
octave,1.602059991
shell,1.84509804
sdk,1
configuration,1
radius,1.301029996
object,1.903089987
quartus,1
gnu,1.301029996
logic,1
saprk,1
wii,1.301029996
graphics,1.301029996
jsp,2
facade,1
designing,1.77815125
bucket,1
ancillary,1
technologies,2.146128036
jscript,1
nas,1
v9,1
designs,1
xmind,1
environments,1
sql,3.056904851
san,1
birt,1
workstations,1
microservices,1
metasploit,1
sharepoint,1.301029996
level,1.602059991
45,1
storage,1.301029996
router,1.301029996
fast,1
rational,1
db2,2.041392685
beef,1
latex,1.698970004
kernel,1
strike,1
pvcs,1
wireshark,1
implementing,1.301029996
requirement,1
resharper,1
domain,1.301029996
process,1.477121255
subversion,1.602059991
802.1x,1
orm,1
perl,1.84509804
assemblies,1
search,1.301029996
mantis,1
plc,1.301029996
ssrs,1.301029996
mfc,1
planning,1.301029996
wordpress,1.84509804
softice,1
powerpoint,1.84509804
maintenance.,1
postgres,1
2008,2.230448921
use,1
packages,1.477121255
cs,1
sourcesafe,1
junit,1.602059991
bootstrap3,1
suite.,1
communication,1.698970004
quickrec,1.301029996
equipment,1
processor,1
gac,1
emr,1
compute,1
user,1.477121255
macos,1
maintainable,1
versatile,1
knowledge,2.491361694
vsam,1
1.8,1
itil,1.477121255
hands,1.301029996
drupal,1.477121255
topologies,1
rest,1.77815125
expert,1.602059991
fonts,1
postgresql,1.84509804
javafx,1.301029996
managing,1
browser,1
ecmascript,1
clean,1
12c,1
active,1
mining,1.301029996
msoffice,1.301029996
titles,1
laptop,1
qnx,1
3,1
scripting,1.903089987
8,2.301029996
highstock,1
collections,1
reusable,1
windows,2.819543936
service.,1
libre,1
effective,1.301029996
sony,1
bollards,1
calculator,1
intel,1.477121255
methodologies,1.698970004
aspects,1
redhat,1
disk,1
barriers,1
migradoc,1
programmer,1.477121255
nasm,1
android,2.322219295
osticket,1
retail,1
databases,2.079181246
360,1
familiar,1.301029996
fmw,1
oo,1.77815125
ruby,1.477121255
platform,1.602059991
vs,1
graphic,1.903089987
industry,1
intellij,1.301029996
2005,1.602059991
ip,1.477121255
pur,1.602059991
proficiencies,1
spartacus,1
ubuntu,1.602059991
visio,1
inventory,1
minix,1
server,2.698970004
jboss,1
directory,1
eap,2
linux,2.698970004
module,1.602059991
helpdesk,1
logging,1
integrated,1
libraoffice,1
openedge,1
w3c,1
sourcegear,1
2,1.602059991
2007,1
swift,1.301029996
css,2.716003344
oop,1.477121255
skilled,1.477121255
design,2.612783857
open,1.602059991
ibm,1.698970004
privacy,1
technical,2.041392685
thorough,1
contributing,1
administration,2
j2ee1.6,1
hadoop,1.477121255
repository,1
e,1.301029996
api,1.84509804
sdsl,1
manager,1
expand,1
js,1.903089987
serialization,1
catalyst,1
pdfsharp,1
1,1.301029996
good,1.698970004
engineer,1
rup,1
common,1
tools,2.477121255
electronic,1
analytical,1.477121255
objective,1.477121255
unity,1
angularjs,2.230448921
many,1
wip,1.602059991
moose,1
fiddler4,1
trained,1
vb.net,2.079181246
6,1.903089987
xcode4,1
vxworks,1.301029996
xbox,1
jetbrains,1
amazon,1.698970004
firewall,1.301029996
assembler,1.301029996
tfs,1.301029996
visual,2.544068044
vault,1
embedded,1.602059991
classic,1
jenkins,1
photoshop,2.278753601
group,1.301029996
peap,1
10+,2.544068044
performance,1.301029996
assistance,1
unified,1
cs6,1
sql*plus,1
dll,1.301029996
unicode,1
programs,1.301029996
test,1.477121255
end,1.84509804
skill,1
typing,1
asp.net,2.556302501
gitlab,1
mpi,1
analyze,1
broker,1
quickbooks,1
navicat,1
lucene,1.602059991
exporting,1
fundamentals,1
pc,1.477121255
telerik,1
xaml,1
middleware,1
oscilloscopes,1
internet.,1
environment,1.477121255
dr,1
xml,2.322219295
reconciliation,1
easymock,1
wxwidgets,1
two,1
source,1.903089987
adapter,1
lambda,1
conceptual,1
8051,1.301029996
management.,1
systems,2.255272505
rails,1.301029996
4gl,1.477121255
twitter,1.301029996
servers,1.301029996
fireworks,1.301029996
apps,2
oriented,1.903089987
fax,1
threading,1
&,2.113943352
fusion,1
html4,1
elastic,1
libreoffice,1.301029996
architect,1.477121255
spark,1.301029996
touch,1
clearcase,1.301029996
phonegap,1
proficient,1.602059991
running,1
copier,1
writing,1.301029996
xcode,1.602059991
flash,1.698970004
automation,1
game,1.477121255
stl,1
protocols,1
asmx,1
vagrant,1.301029996
excel,2.041392685
effectively,1
converter,1
plans,1
preserves,1
support,1.698970004
matlab,2.079181246
working,1
vim,1.477121255
tortoise,1
student,1
hansoft,1
xhtml,1.903089987
4,2.544068044
edge,1
various,1
readable,1
blender,1.602059991
cics,1.301029996
information,1
nodejs,1.77815125
virtual,1.301029996
costing,1.602059991
attached,1.301029996
wpm,1
altera,1.301029996
finding,1
mind,1
reality,1.301029996
azure,1.602059991
portal,1
reactjs,1.301029996
operating,2.322219295
mainframe,1.301029996
knockoutjs,1
dao,1
8.1,1
compilation,1
practitioner,1
prototyping,1
video,1.301029996
team,1.698970004
2012,2.113943352
agl,1
putty,1
soa,1.477121255
assembly,1.903089987
8086,1
multimeters,1
responsive,1.301029996
dbms,1.301029996
ispf,1
bugzilla,1.477121255
nhibernate,1
interface,1
ccna,1.301029996
32,1
jncia,1
servlets,1.301029996
domo,1
entry,1
mean,1
facing,1
9i,1.301029996
onslaught,1
microsoft,2.84509804
ms,2.653212514
build,1.477121255
front,1.602059991
known,1.301029996
tracer,1
skills,2.591064607
delphi.,1
cadence,1.301029996
interaction,1
tiles,1
soldering,1
r,1.477121255
clearquest,1
netbeans,1.602059991
back,1.477121255
reporting,1.301029996
using,1.84509804
php,2.602059991
unit,1.301029996
manufacturer,1
ssh,1.301029996
automated,1
variety,1
rwtools++,1
npm,1
openvpn,1
lotus,1
pspice,1
html,2.763427994
framework.,1
computer,2.079181246
dc,1
standalone,1
also,1
etl,1.477121255
1.x,1
construction,1
xvt,1.477121255
mercurial,1
14,1
package,1
gradle,1
bellator,1
customer,1.602059991
8085,1.301029996
ii,1
class,1.301029996
engineering,1.602059991
freebsd,1.477121255
v4,1
legends,1
efficient,1.301029996
make,1
smart,1
inkscape,1
grails,1
key,1
desktop,1.301029996
sun,1.301029996
memcached,1
mysql,2.633468456
ant,1
cash,1
windbg,1
opengl,1.698970004
bitbucket,1.301029996
gameplay,1.301029996
jstl,1.301029996
strong,1.903089987
maven,1.77815125
i2c,1.301029996
less,2.653212514
connections,1
red,1.477121255
xmpp,1
dhcp,1
materialize,1.301029996
exposure,1.301029996
pdl's,1
shared,1
pki,1
allegro,1
plm.,1
dsc,1
write,1
react,1.602059991
etc.,1.301029996
hyper,1
water,1
10,1.84509804
md5,1
interfacing,1
mongo,1
foundation,1.602059991
adsl,1
player,1
intrinsics,1
critical,1.301029996
simultaneously,1
oops,1
basic,2.342422681
able,1.477121255
2005+,1
stored,1.301029996
apis,1.477121255
pthreads,1
mapping,1
scheduling,1
edit,1
one,1
sclm,1
cmake,1
coordination,1
language,2.230448921
backup,1
supremacy,1
management,2.146128036
3d,1
6,1.477121255
delphi,1
practices,1
redmine,1
statement,1
ar,1.602059991
extensive,1
pl,2
aws,1.77815125
pacific,1.301029996
client,1.301029996
dell,1.477121255
lua,1.477121255
device,1.602059991
sdlc,1.477121255
fi,1
prototype,1
ca,1
hyperion,1
view,1.477121255
cost,1
1st,1
compare,1
primary,1
page,1
dbeaver,1
8i,1
setup,1
h2,1
installshield,1
cognos,1
nintendo,1
proactive,1
ios,1.477121255
atari,1
cobalt,1
232,1.301029996
oem,1
packet,1
mq,1.301029996
switch,1
lan,1.301029996
controller,1.301029996
datastores,1
c,2.812913357
amd,1
starter,1
basicjavascript,1
2nd,1
rdbms,1
fortran,1
ieee,1.477121255
operate,1
designer,1.301029996
tire,1
solaris,1.301029996
desk,1.301029996
emacs,1.301029996
events,1
store,1
oxford,1
mvc,2.322219295
razor,1
illustrator,1.602059991
associated,1
3,2.556302501
gui,1
microprocessors.,1
peformance,1
implementation,1
languages,2.414973348
jira,1.954242509
lpc2148,1
filezilla,1
c++11,1
solving,1.77815125
general,1
generators,1
online,1
microcontroller,1.301029996
repositories,1.301029996
xp,1.903089987
ado,1
zsh,1
dhtml,1.301029996
peoplesoft,1
infragistics,1
neural,1
potp,1
lamp,1.477121255
integration,1.477121255
documentation,1
security,1.698970004
excellent,1.77815125
spy,1
proteus8,1
bamboo,1
2013,1
triggers,1
progress4gl,1
threadx,1
query,1
arm,1.84509804
swing,1.301029996
openroad,1
cruis'n,1
project,2.041392685
ee,1
method,1.301029996
webct,1
tree,1.301029996
multiple,1
laravel,2
sourcetree,1
kvm,1
cakephp,1
qa,1.602059991
mma,1.301029996
routing,1
developing,1.602059991
distributed,1
cctv,1
relational,1
exception,1
multiline,1
maltego,1
autosys,1
acrobat,1.301029996
vba,1.301029996
dmw,1
os,1.84509804
word,2
organizing,1
basiccss,1
git,2.255272505
cascade,1
microprocessors,1
gulp,1
